brand_id,product_id,product_name
1000,1,The Performer Skin-focused Foundation
1001,2,Skin-Enhancing Stick
1001,3,Skin-Enhancing Concealer
1001,4,Skin-Enhancing Tinted Moisturizer
1002,5,Color Control Cushion Compact Broad Spectrum SPF 50 +
1003,6,Impeccable Blurring Second-Skin Matte Foundation
1003,7,Beauty Balm Serum Boosted Skin Tint
1003,8,Magic Touch Medium to Full Coverage Concealer
1003,9,Luminous Foundation
1004,10,Luminous Silk Perfect Natural Glow Foundation
1004,11,Power Fabric + Foundation
1004,12,Power Fabric  +  Longwear Matte Concealer
1004,13,Luminous Silk Face and Under-Eye Concealer
1004,14,Neo Nude Tinted Moisturizer
1005,15,Semi-Matte Powder Foundation
1005,16,Zero Gravity C2P Foundation
1005,17,Creme Starter Kit
1005,18,Completely Covered Creme Concealer
1006,19,BAREPRO® 24HR Skin-Perfecting Powder Foundation
1006,20,ORIGINAL Loose Powder Foundation SPF 15
1006,21,ORIGINAL Pure Serum Radiant Natural Liquid Foundation Mineral SPF 20
1006,22,BAREPRO® 16HR All Over Skin-Perfecting Matte Concealer Mineral SPF 25
1006,23,Loose Powder Concealer SPF 20
1006,24,ORIGINAL Liquid Mineral Concealer
1006,25,COMPLEXION RESCUE® Brightening Under Eye Concealer SPF 25
1006,26,COMPLEXION RESCUE® Tinted Moisturizer with Hyaluronic Acid and Mineral SPF 30
1006,27,COMPLEXION RESCUE® Natural Matte Tinted Moisturizer Mineral SPF 30
1006,28,COMPLEXION RESCUE® All-Over Luminizer Mineral SPF 20
1007,29,"The Foundation Stick for Hydrating, Buildable Coverage and Natural Finish"
1008,30,Bounce™ Liquid Whip Long Wear Foundation
1008,31,12-Hour Always on Radiant Skin Tint with Hyaluronic Acid & Niacinamide
1009,32,TRUE COLOR® Pore Perfecting Crème Powder Foundation
1009,33,TRUE COLOR® Skin Perfecting Stick Foundation SPF 15
1009,34,TRUE COLOR® Pore Perfecting Liquid Foundation
1009,35,Even True™ Flawless Liquid Foundation
1009,36,TRUE COLOR® Mineral Matte Crème Powder Foundation SPF 15
1009,37,TOTAL COVERAGE™ Concealing Foundation
1009,38,True Tone Brightening Concealer
1009,39,TOTAL COVERAGE™ Face +  Body Concealer
1010,40,Skin Foundation SPF 15
1010,41,Skin Full Cover Concealer
1010,42,Weightless Skin Foundation SPF 15
1010,43,Skin Corrector Stick
1010,44,Intensive Serum Foundation SPF 40/30
1010,45,Skin Weightless Powder Foundation
1010,46,Skin Foundation Stick
1010,47,Skin Full Coverage Longwear Concealer
1010,48,Under Eye Color Corrector
1010,49,Vitamin Enriched Skin Tinted Moisturizer SPF 15
1010,50,Skin Long-Wear Weightless Foundation SPF 15
1010,51,Skin Concealer Stick
1010,52,Intensive Serum Concealer
1011,53,Mattifying Powder Foundation
1012,54,Freedoming Skin Tint
1012,55,Hideaway Brightening  +  Hydrating Under Eye Color Corrector Concealer
1013,56,LES BEIGES Water-Fresh Complexion Touch
1013,57,LE CORRECTEUR DE CHANEL Longwear Concealer
1013,58,ULTRA LE TEINT Ultrawear All-Day Comfort Flawless Finish Foundation
1013,59,LES BEIGES Healthy Glow Foundation Hydration and Longwear
1013,60,LES BEIGES Water-Fresh Tint
1013,61,N°1 DE CHANEL REVITALIZING FOUNDATION
1013,62,SUBLIMAGE L'ESSENCE DE TEINT Ultimate Radiance-Generating Serum Foundation
1013,63,SUBLIMAGE LE TEINT Ultimate Radiance - Generating Cream Foundation
1013,64,VITALUMIERE AQUA Ultra-Light Skin Perfecting Sunscreen Makeup Broad Spectrum SPF 15
1013,65,VITALUMIERE AQUA Ultra-Light Skin Perfecting Sunscreen Makeup Broad Spectrum SPF 16
1013,66,VITALUMIERE AQUA Ultra-Light Skin Perfecting Sunscreen Makeup Broad Spectrum SPF 17
1013,67,VITALUMIERE AQUA Ultra-Light Skin Perfecting Sunscreen Makeup Broad Spectrum SPF 18
1013,68,VITALUMIERE AQUA Ultra-Light Skin Perfecting Sunscreen Makeup Broad Spectrum SPF 19
1013,69,VITALUMIERE AQUA Ultra-Light Skin Perfecting Sunscreen Makeup Broad Spectrum SPF 20
1013,70,VITALUMIERE AQUA Ultra-Light Skin Perfecting Sunscreen Makeup Broad Spectrum SPF 21
1013,71,VITALUMIERE AQUA Ultra-Light Skin Perfecting Sunscreen Makeup Broad Spectrum SPF 22
1013,72,VITALUMIERE AQUA Ultra-Light Skin Perfecting Sunscreen Makeup Broad Spectrum SPF 23
1013,73,VITALUMIERE AQUA Ultra-Light Skin Perfecting Sunscreen Makeup Broad Spectrum SPF 24
1013,74,VITALUMIERE AQUA Ultra-Light Skin Perfecting Sunscreen Makeup Broad Spectrum SPF 25
1013,75,VITALUMIERE AQUA Ultra-Light Skin Perfecting Sunscreen Makeup Broad Spectrum SPF 26
1013,76,VITALUMIERE AQUA Ultra-Light Skin Perfecting Sunscreen Makeup Broad Spectrum SPF 27
1013,77,VITALUMIERE AQUA Ultra-Light Skin Perfecting Sunscreen Makeup Broad Spectrum SPF 28
1013,78,VITALUMIERE AQUA Ultra-Light Skin Perfecting Sunscreen Makeup Broad Spectrum SPF 29
1013,79,VITALUMIERE AQUA Ultra-Light Skin Perfecting Sunscreen Makeup Broad Spectrum SPF 30
1013,80,LES BEIGES Healthy GLow Sheer Powder
1013,81,ULTRA LE TEINT Ultrawear All-Day Comfort Flawless Finish Compact Foundation
1013,82,SUBLIMAGE LE CORRECTEUR YEUX Radiance-Generating Concealing Eye Care
1014,83,Airbrush Flawless Longwear Foundation
1014,84,Hollywood Flawless Filter
1014,85,Unreal Skin Sheer Glow Tint Hydrating Foundation Stick
1014,86,Beautiful Skin Radiant Concealer
1014,87,Beautiful Skin Foundation
1014,88,Magic Away Concealer
1015,89,tint & PROTECT medium coverage serum foundation with SPF 50 +
1015,90,conceal & PROTECT SPF 50 +  spot concealer for dark spots
1016,91,Pretty Fresh Hyaluronic Hydrating Foundation
1016,92,Pretty Fresh Tinted Foundation Balm
1016,93,Pretty Fresh Hyaluronic Acid Tinted Moisturizer
1016,94,Pretty Fresh Hyaluronic Creamy Concealer
1017,95,Total Cover Cream Foundation
1017,96,Power Play Foundation
1017,97,Pressed Mineral Foundation
1017,98,Radiant Start Tinted Moisturizer
1018,99,Yummy Skin Blurring Balm Powder - Tinted Primer & Foundation
1018,100,Yummy Skin Soothing Serum Skin Tint Foundation with Peptides  +  Ceramides
1018,101,Yummy Skin Serum Foundation
1018,102,Yummy Skin Lift & Flex Hydrating Concealer With Hyaluronic Acid & Caffeine
1018,103,Vision Cream Cover Adjustable Foundation & Concealer
1019,104,DIOR Airflash Spray Foundation
1019,105,BACKSTAGE Face & Body Foundation
1019,106,DIOR Forever Skin Glow Foundation
1019,107,DIOR Forever Matte Foundation
1019,108,DIOR Forever Natural Velvet Compact Matte Foundation
1019,109,Dreamskin Fresh & Perfect Cushion Broad Spectrum SPF 50 Refill
1019,110,Forever Skin Perfect 24H Multi-Use Foundation Stick
1019,111,Forever Glow Star Filter Multi-Use Complexion Enhancing Booster
1019,112,DIOR Forever Skin Correct Full-Coverage Concealer
1019,113,Diro Backstage Flash Perfector Concealer
1019,114,DIOR Forever Hydra Nude 24-Hour Natural Perfection Foundation
1020,115,Meet Your Hue Foundation
1020,116,Let's Face It Concealer
1021,117,Soft Glam Satin Foundation
1021,118,Hydrating Camo CC Cream
1021,119,Camo CC Cream
1021,120,Halo Glow Powder Filter
1021,121,Halo Glow Liquid Filter
1021,122,Camo Powder Foundation
1021,123,Flawless Satin Foundation
1021,124,Hydrating Camo Concealer
1021,125,16HR Camo Concealer
1021,126,Putty Color-Correcting Eye Brightener
1021,127,Flawless Brightening Concealer
1022,128,Complete Remedy Silque Concealer
1022,129,Micro Silque Foundation
1023,130,CC Cream Buildable Tinted Color Corrector with SPF 25
1023,131,BB Cream Tinted Moisturizer Broad Spectrum SPF20
1024,132,Double Wear Stay-in-Place 24-Hour Concealer
1024,133,Futurist Soft Touch Brightening Skincealer Concealer
1024,134,Double Wear Stay-in-Place Foundation
1024,135,Futurist Hydra Rescue Moisturizing Foundation SPF 45
1024,136,Double Wear Soft Glow Matte Cushion Makeup SPF 36  +  Refill
1024,137,Futurist Skin Tint Serum Foundation With Botanical Oil Infusion SPF 20
1024,138,Double Wear Sheer Long-Wear Foundation SPF 19
1024,139,Double Wear Stay-in-Place Matte Powder Foundation
1024,140,Double Wear Maximum Cover Camouflage Foundation for Face and Body SPF 15
1024,141,Re-Nutriv Ultra Radiance Liquid Foundation SPF 20
1025,142,High Fidelity Brightening Concealer Stick
1025,143,High Fidelity Foundation
1026,144,Essential Face Compact Refillable Concealer and Foundation
1027,145,Pro Filt'r Instant Retouch Concealer
1027,146,Match Stix Correcting Skinstick
1027,147,Hydra Vizor Huez SPF 30 Refillable Tinted Moisturizer Set
1027,148,Pro Filt'r Soft Matte Powder Foundation
1027,149,Soft'lit Naturally Luminous Longwear Foundation
1027,150,Eaze Drop Blurring Skin Tint
1027,151,Eaze Drop Blur  +  Smooth Tint Stick
1027,152,Pro Filt'r Mini Soft Matte Longwear Foundation
1027,153,We're Even Hydrating Longwear Concealer
1027,154,Pro Filt'r Soft Matte Longwear Foundation
1028,155,Get Real Serum Foundation
1029,156,Prisme Libre Glow Serum Blurring Foundation with Natural Finish
1029,157,Prisme Libre Skin-Caring 24H Hydrating  +  Radiant  +  Correcting Creamy Concealer
1029,158,Prisme Libre Skin-Caring Matte Foundation
1030,159,Perfecting Skin Tint for Dewy Sheer Coverage
1030,160,Stretch Fluid Foundation for Buildable Coverage
1030,161,Stretch Concealer for Dewy Buildable Coverage
1031,162,24 Hour Full Coverage Luminous Matte Finish Foundation
1031,163,Concentré de Beauté Multi-Use Crease Proof and Hydrating Concealer
1032,164,HIGH PERFECTION MATTE COMPACT FOUNDATION
1032,165,NATURAL PERFECTION CONCEALER 24H WEAR – NO-TRANSFER
1032,166,HEALTHY GLOW FOUNDATION LONGWEAR - NO-TRANSFER
1033,167,Triclone Skin Tech Medium Coverage Foundation with Fermented Arnica
1033,168,Triclone Skin Tech Hydrating  +  De-puffing Concealer with Fermented Arnica
1034,169,Illusion Luminous Glow Foundation SPF 30
1034,170,Veil™ Hydrating Skin Tint Foundation
1034,171,Vanish™ Seamless Finish Foundation Stick
1034,172,Ambient Soft Glow Foundation
1034,173,Vanish™ Airbrush Concealer
1035,174,#FauxFilter Luminous Matte Concealer
1035,175,GloWish Bright Light Hydrating Sheer Vegan Concealer
1035,176,Easy Blur Natural Airbrush Foundation with Niacinamide
1035,177,#FauxFilter Luminous Matte Foundation
1036,178,Super Smoother Blurring Skin Tint
1036,179,Radiance Complexion Booster
1036,180,Radiant Concealer & Brightening Crayon Duo
1037,181,Weekend Skin SPF 50 Instant Glow Tinted Mineral Sunscreen with Vitamin C  +  Niacinamide
1037,182,Best Skin Days SPF30 Whipped Tinted Moisturizer with Vitamin C  +  Hyaluronic Acid
1037,183,Best Skin Days Brightening Dark Spot Treatment Concealer with Vitamin C
1038,184,5 Point Lift Color Correcting Concealer with Caffeine
1039,185,Perfextion Long Wearing Foundation
1039,186,Aquasurance Compact Foundation
1039,187,"Staysurance Water-Sealed, Zero Smudge Concealer"
1039,188,"Skin Bloom, Cream To Powder Compact"
1040,189,PurePressed Base Mineral Foundation Refill
1040,190,Beyond Matte Liquid Foundation
1040,191,HydroPure Tinted Serum with Hyaluronic Acid & CoQ10
1040,192,HydroPure Tinted Serum with Hyaluronic Acid & CoQ11
1040,193,HydroPure Tinted Serum with Hyaluronic Acid & CoQ12
1040,194,HydroPure Tinted Serum with Hyaluronic Acid & CoQ13
1040,195,HydroPure Tinted Serum with Hyaluronic Acid & CoQ14
1040,196,HydroPure Tinted Serum with Hyaluronic Acid & CoQ15
1040,197,HydroPure Tinted Serum with Hyaluronic Acid & CoQ16
1040,198,HydroPure Tinted Serum with Hyaluronic Acid & CoQ17
1041,199,The Face PencilConceal In Seconds
1042,200,What The FoundationTinted Moisture Balm
1043,201,CC  CREAM ZINC SPF 30
1043,202,CC  CREAM ZINC SPF 31
1043,203,CC  CREAM ZINC SPF 32
1043,204,CC  CREAM ZINC SPF 33
1043,205,CC  CREAM ZINC SPF 34
1043,206,CC  CREAM ZINC SPF 35
1043,207,CC  CREAM ZINC SPF 36
1043,208,CC  CREAM ZINC SPF 37
1043,209,PHYTO-PIGMENTS Flawless Serum Foundation
1044,210,I am Magic Radiance Booster
1044,211,I Am Magic Natural Radiance Foundation
1044,212,I am Magic Powder Foundation
1044,213,Shade Contour Sticks
1044,214,I Am Magic Velvety Matte Foundation
1045,215,Highlighting Effect Fluid Concealer
1045,216,Full Coverage Concealer
1045,217,Unlimited Foundation
1045,218,Smart Hydrating Foundation
1045,219,Nothing Matte-R Mattifying Foundation
1045,220,Instamoisture Glow Foundation
1045,221,Full Coverage Dark Circle Concealer
1045,222,Full Coverage Blurring Powder Foundation
1045,223,Full Coverage 2-In-1 Foundation & Concealer
1046,224,Maifanshi Aqua Foundation
1046,225,Maifanshi Gloss Film Foundation
1046,226,Maifanshi Moisture Foundation
1047,227,BB Burst Tinted Moisturizer Gel Cream with Copper Peptides
1047,228,Revealer Skin-Improving Foundation SPF 25 with Hyaluronic Acid and Niacinamide
1047,229,Glow I.V. Vitamin-Infused Skin Illuminating Enhancer
1047,230,Revealer Super Creamy  +  Brightening Concealer with Caffeine and Hyaluronic Acid
1048,231,Main Match Crease-Proof Long-Wear Hydrating Concealer
1049,232,Good Apple Skin-Perfecting Foundation Balm
1049,233,Good Apple Full-Coverage Transfer-Proof Serum Foundation
1049,234,Good Apple Lightweight Full Coverage Concealer
1050,235,Power Plush Longwear Foundation
1050,236,Natural Blur Powder Foundation
1050,237,Skin Tint Blurring Elixir
1050,238,Power Plush Longwear Concealer
1051,239,Lumi Le Glow Skin Tint
1051,240,Infallible Up to 24H Fresh Wear Foundation in a Powder
1051,241,Infallible 32 Hour Fresh Wear Foundation
1051,242,True Match Radiant Serum Concealer
1051,243,True Match Super-Blendable Foundation
1051,244,Infallible Full Wear Concealer up to 24H Full Coverage
1051,245,True Match Hyaluronic Tinted Serum
1051,246,MagicSkin Beautifier BB Cream
1051,247,Infallible Pro-Glow Foundation
1051,248,Age Perfect Makeup Radiant Serum Foundation with SPF 50
1051,249,True Match Super-Blendable Powder
1051,250,True Match Super-Blendable Crayon Concealer
1051,251,Visible Lift Serum Absolute Advanced Age-Reversing Makeup
1051,252,Lumi Healthy Lumi nous Makeup
1052,253,The Soft Fluid Long Wear Foundation SPF 20
1052,254,The Soft Moisture Powder Foundation Broad Spectrum SPF 30
1052,255,The Radiant SkinTint Broad Spectrum SPF 30
1052,256,The Luminous Lifting Cushion Foundation SPF 20  +
1053,257,Teint Idole Ultra Wear Foundation
1053,258,Dual Finish Powder Foundation
1053,259,Teint Idole Ultra Wear Care & Glow Serum Foundation
1053,260,Rénergie Lift Makeup Foundation SPF 27
1053,261,Teint Idole Ultra Wear Foundation Stick
1053,262,Teint Idole Ultra Wear Care & Glow Serum Concealer
1053,263,Skin Feels Good Skin Nourishing Foundation
1053,264,Teint Idole Ultra Wear All Over Full Coverage Concealer
1054,265,Studio Fix Fluid SPF 15 24HR Matte Foundation  +  Oil Control
1054,266,Studio Radiance Face and Body Radiant Sheer Foundation
1054,267,Studio Fix Every-Wear All-Over Face Pen
1054,268,Studio Fix Powder Plus Foundation
1054,269,Studio Radiance Serum-Powered™ Foundation
1054,270,Studio Fix Tech Cream-To-Powder Foundation
1054,271,Full Coverage Foundation
1054,272,Studio Waterweight SPF 30 Foundation
1054,273,Strobe Dewy Skin Tint
1055,274,High Performance Tinted Moisturizer
1055,275,High Performance Concealer
1056,276,Truth Tint - Sheer Skin Tint
1056,277,Bolt Balm Concealer
1057,278,Skin Mimetic Concealer Radiant Buildable Coverage
1057,279,Diffusion Dew Radiant Skin Tint
1058,280,HD SKIN CONCEALER Smooth & Blur Undetectable Under Eye Concealer
1058,281,ULTRA HD CONCEALER Self-Setting Medium Coverage Concealer
1058,282,MATTE VELVET SKIN CONCEALER High Coverage Multi Use Concealer
1058,283,FULL COVER Extreme camouflage cream
1058,284,HD SKIN HYDRA GLOW Skincare Foundation with Hyaluronic Acid
1058,285,HD SKIN Waterproof Natural Matte Foundation
1058,286,HD SKIN MATTE VELVET Undetectable Longwear Blurring Powder Foundation
1058,287,MATTE VELVET SKIN LIQUID Full Coverage Foundation
1058,288,MAKE UP FOR EVER – REBOOT Active Care Revitalizing Foundation
1058,289,ULTRA HD STICK FOUNDATION Invisible Cover Stick Foundation
1058,290,HD SKIN MATTE VELVET - REFILL Undetectable Longwear Blurring Powder Foundation
1058,291,SUPER BOOST SKIN TINT Lightweight Moisturizing Skin Tint
1059,292,SoftSculpt Transforming Skin Enhancer®
1059,293,SurrealSkin™ Foundation
1059,294,SurrealSkin™ Awakening Concealer
1060,295,XX Revolution Skin Blur Soft Focus Skin Tint
1060,296,Makeup Revolution Conceal & Define Foundation
1060,297,Makeup Revolution Conceal & Define Powder Foundation
1060,298,Matte Base Foundation28ml
1060,299,Revolution Pro CC Perfecting Skin Tint
1060,300,Makeup Revolution IRL Filter Longwear Foundation
1060,301,Relove by Revolution Super Concealer Radiant Matte
1060,302,Revolution Skin Silk Radiant Serum Under Eye Brightener & Concealer
1060,303,Makeup Revolution IRL Filter Finish Concealer
1060,304,Makeup Revolution IRL Filter Foundation & Concealer Set
1060,305,Makeup Revolution Conceal & Define Concealer4ml
1060,306,Makeup Revolution Eye Bright Illuminating Under Eye Concealer3ml
1060,307,Conceal & Hydrate Concealer13ml
1061,308,Super Stay® Lumi-MatteFoundation makeup
1061,309,LIFTER STIX Multi-Use Face Stick
1061,310,Instant Age Rewind® EraserMulti-Use Concealer
1061,311,Fit Me® Matte  +  PorelessFoundation Makeup
1061,312,Super Stay® Up to 24HR Skin Tintwith Vitamin C
1061,313,Fit Me® Matte  +  Poreless PowderFoundation Makeup
1061,314,Super Stay® Up To 24HrHybrid Powder-Foundation
1061,315,Instant Age Rewind Perfector®4-In-1 Glow Makeup®
1061,316,Dream Matte MousseFoundation Makeup
1061,317,Cover StickCorrector Concealer$7.00
1061,318,Dream Bb Fresh®Bb® Cream
1061,319,Dream Radiant Liquid®Hydrating Foundation
1061,320,Super Stay® Longwear Liquid ConcealerUp To 30Hr Wear
1061,321,"Dream Urban Cover®Flawless Coverage Foundation Makeup, SPF 50"
1061,322,City Bronzer®Bronzer & Contour Powder Makeup
1061,323,Fit Me® Dewy  +  SmoothFoundation Makeup
1062,324,Skin by Mented
1062,325,Full-Time Brightening Concealer
1063,326,The Minimalist Perfecting Complexion Foundation and Concealer Stick
1064,327,Conceal + Perfect 2-In-1 Foundation + Concealer
1064,328,Conceal  +  Perfect Smooth Finish Cream-To-Powder Foundation
1064,329,Conceal + Perfect Longwear Concealer
1064,330,Conceal + Perfect Blur Out Skin Tint
1065,331,Future Fluid Creamy Hydrating Concealer
1065,332,Sunshine Under Eye Tint + Brighten
1065,333,Hydro Grip Hydrating Gel Skin Tint
1066,334,Lightform Extended Hydration Foundation
1066,335,Filter Effect Soft Radiance Foundation
1066,336,Wakeup Artist Under Eye Correcting Concealer
1066,337,Filter Effect Soft Radiance Concealer
1067,338,Natural Radiant Longwear Foundation
1067,339,Sheer Glow Foundation
1067,340,Soft Matte Complete Foundation
1067,341,Pure Radiant Tinted Moisturizer Broad Spectrum SPF 30
1067,342,Light Reflecting Advanced Skincare Medium Coverage Foundation
1067,343,Radiant Creamy Concealer with Medium Coverage
1067,344,Soft Matte Complete Full Coverage Longwear Concealer
1067,345,Light Reflecting™ Undereye Brightener
1068,346,HY-GLAM CONCEALER
1068,347,HY-GLAM POWDER FOUNDATION
1068,348,TRANSFORMATTE
1069,349,Tinted Cover Liquid Foundation
1069,350,Tinted Blur Foundation Stick
1069,351,Nudescreen Daily Mineral Veil SPF 30
1069,352,Tinted Blur Sculpt Stick
1069,353,NUDEFIX Cream Concealer
1069,354,Concealer Pencil
1070,355,Bare With Me Concealer Serum
1070,356,Can't Stop Won't Stop Contour Concealer
1070,357,BUTTERMELT GLAZE SOFT GLOW SKIN TINT SPF 30
1070,358,Can't Stop Won't Stop Foundation
1070,359,Bare With Me Blur Tint Foundation
1070,360,PRO FIX STICK CORRECTING CONCEALER
1071,361,Turn Up the Base Full Beat Waterproof Liquid Foundation
1071,362,Turn Up The Base Versatile Powder Foundation
1071,363,Turn Up the Base Blurring Foundation
1071,364,Turn Up the Base Butter Silk Concealer
1072,365,KIND TINT Tinted Serum
1072,366,DREAMLET GLOW
1073,367,Skin Fetish: Sublime Perfection Weightless Foundation
1073,368,Skin Fetish: Sublime Perfection Concealer
1074,369,No Makeup Foundation Serum Broad Spectrum SPF 20
1074,370,No Makeup Foundation Serum
1075,371,Reveal Skin-Optimizing Refillable Soft Matte Foundation
1076,372,Sweetner Foundation
1077,373,True Intentions Skin-Soothing Hydrating Foundation
1078,374,Liquid Touch Weightless Foundation
1078,375,Positive Light Tinted Moisturizer Broad Spectrum SPF 20 Sunscreen
1078,376,Liquid Touch Brightening Concealer
1079,377,Brightening and Blurring Serum Concealer with Plant-Derived Squalene
1080,378,Glimmer Brightening Concealer
1080,379,ColorStay™ Face + Body Glow Lotion
1080,380,ColorStay™ Longwear Makeup SPF 15
1080,381,ColorStay™ Longwear Makeup SPF 20
1080,382,ColorStay Flex Wear Full Cover™ Concealer
1080,383,ColorStay Skin Awaken™  5-in-1 Concealer
1080,384,Colorstay™ Pressed Powder
1080,385,ColorStay Full Cover™ Foundation
1080,386,Illuminance™ Serum Tint
1080,387,Illuminance™ Skin-Caring Foundation
1080,388,PhotoReady™ Concealer Makeup
1081,389,UnCoverup Concealer
1081,390,SunCoverup Super Tint Broad Spectrum SPF 50 Sunscreen
1081,391,ReEvolve Natural Finish Liquid Foundation
1081,392,Master Radiance Base
1081,393,UnCoverup Cream Foundation
1082,394,Slip Tint Radiant All-Over Concealer with Niacinamide
1082,395,Glowy Super Skin Tint Foundation
1082,396,Slip Tint – Lightweight Tinted Moisturizer with Mineral Zinc SPF 35 and Hyaluronic Acid
1082,397,Glowy Super Skin Tint Foundation with Hyaluronic Acid
1082,398,Hydrabeam Hydrating & Concealing Under Eye Brightener with Cucumber Extract
1083,399,Face Flex Concealer & Complexion Enhancer with Caffeine
1084,400,MicroSmooth Baked Powder Foundation
1084,401,Best Skin Ever Liquid Foundation
1084,402,Best Skin Ever Matte Powder Foundation
1084,403,Reveal The Real 12HR Soft Radiant Skin Tint
1084,404,Best Skin Ever Multi-Use Hydrating Glow Concealer
1085,405,Halo Healthy Glow All-In-One Tinted Moisturizer Broad Spectrum SPF 25 with Hyaluronic Acid
1085,406,Always On Skin-Balancing Foundation
1086,407,Sheer Skin Tint with Hyaluronic Acid  +  Squalane
1087,408,Protec(tint) Daily SPF Tint SPF 50 Sunscreen Skin Tint with Ectoin
1088,409,Mask Fit Red Cushion
1088,410,Mask Fit All Cover Cushion
1088,411,Mask Fit Aura Cushion
1089,412,Shade and Illuminate Soft Radiance Foundation SPF 50
1089,413,Architecture Soft Matte Blurring Foundation
1089,414,Shade and Illuminate Concealer
1089,415,Traceless Soft Matte Concealer
1090,416,Born This Way Natural Finish Longwear Liquid Foundation
1090,417,Born This Way Flawless Coverage Natural Finish Foundation
1090,418,Born This Way Soft Matte Foundation
1090,419,Born This Way Super Coverage Multi-Use Concealer
1090,420,Born This Way Ethereal Light Illuminating Smoothing Concealer
1091,421,SunnyDays SPF 30 Tinted Sunscreen Foundation
1091,422,Swipe All-Over Hydrating Serum Concealer
1092,423,Velvet Matte Longwear Foundation
1092,424,Adjustable Coverage Powder Foundation
1092,425,Moisturizing Complexion Stick
1092,426,Velvet Veil Minerals Powder Foundation
1092,427,Inner Glow Serum Concealer
1092,428,Tinted Moisturizer SPF 24
1092,429,Tinted Moisturizer SPF 25
1092,430,Tinted Moisturizer SPF 26
1092,431,Tinted Moisturizer SPF 27
1092,432,Tinted Moisturizer SPF 28
1092,433,Tinted Moisturizer SPF 29
1092,434,Tinted Moisturizer SPF 30
1092,435,Tinted Moisturizer SPF 31
1092,436,Complexion Crush Full Coverage Concealer
1092,437,Complexion Crush Foundation
1093,438,Say What?! Foundation
1094,439,FACE BOND SELF-SETTING WATERPROOF FOUNDATION
1094,440,Stay Naked Weightless Liquid Foundation
1094,441,Hydromaniac Hydrating Dewy Foundation
1094,442,Quickie 24HR Full-Coverage Waterproof Concealer
1094,443,Stay Naked Correcting Concealer
1095,444,Skin Solution Serum Concealer
1095,445,Skin Solution Multi-Serum Skin Tint SPF 40
1096,446,Bio Base Pressed Foundation
1096,447,Narcissist Foundation Stick
1097,448,Nude Illusion Liquid Foundation
1097,449,Wanderlust Powder Foundation
1097,450,Dualist Matte and Illuminating Concealer
1098,451,Vital Skincare Complexion Drops
1098,452,Vital Skin Foundation Stick
1098,453,Vital Skincare Brightening Concealer With Hyaluronic Acid
1099,454,Mega Last Incognito All-Day Full Coverage Concealer
1099,455,MegaGlo Vitamin E Makeup Stick- Conceal
1099,456,Photo Focus™ Concealer
1099,457,Bare Focus Niacinamide Skin Tint
1099,458,Bare Focus Tinted Hydrator Tinted Skin Veil
1099,459,Photo Focus™ Foundation- DEWY
1099,460,Photo Focus Stick Foundation
1099,461,Photo Focus™ Foundation- MATTE
1100,462,White Tea Tinted Moisturizer SPF 30
1100,463,White Tea Tinted Moisturizer SPF 31
1100,464,White Tea Tinted Moisturizer SPF 32
1100,465,White Tea Tinted Moisturizer SPF 33
1100,466,White Tea Tinted Moisturizer SPF 34
1100,467,White Tea Tinted Moisturizer SPF 35
1100,468,White Tea Tinted Moisturizer SPF 36
1100,469,Peeper Perfect Under-Eye Concealer
1101,470,FEATURING YOU: HYDRATING SKIN ENHANCING TINT SPF30
1101,471,NOTHING TO SEE: SOFT MATTE CREAMY CONCEALER
1102,472,Date Night Skin Tint Serum Foundation
1103,473,TOUCHE ÉCLAT AWAKENING CONCEALER CLICK PEN
1103,474,ALL HOURS PRECISE ANGLES LONGWEAR CONCEALER
1103,475,TOUCHE ÉCLAT HIGH COVER RADIANT CONCEALER
1103,476,ALL HOURS FOUNDATION
1103,477,Nu Bare Look Tint
1104,478,Authentik Skin Natural Luminous Foundation